fecha,activo,direction,monto,resultado,ganancia_perdida,rsi_9,rsi_14,sma_5,sma_20,cruce_sma,breakout,rsi_reversion,racha_actual,es_rebote,ciclo_martingala,payout_total,payout_multiplier,puntaje_estrategia,result_bin,trade_status,epoch,ts
2026-02-16 06:44:50,1HZ10V,CALL,2.0,PÉRDIDA,-2.0,97.05,39.11,9227.73,9223.844,1,1,0,-1,0,2,3.91,1.955,0.666667,0,CERRADO,1771242166,2026-02-16T11:44:50.148376+00:00
2026-02-16 06:45:34,1HZ50V,PUT,4.0,PENDIENTE,,32.47,44.38,233083.43399999998,233314.18050000002,1,1,0,-2,0,3,7.81,1.9525,0.666667,,PRE_TRADE,1771242334,2026-02-16T11:45:34.802655+00:00
2026-02-16 06:47:38,1HZ50V,PUT,4.0,PÉRDIDA,-4.0,32.47,44.38,233083.43399999998,233314.18050000002,1,1,0,-2,0,3,7.81,1.9525,0.666667,0,CERRADO,1771242334,2026-02-16T11:47:38.374388+00:00
2026-02-16 06:48:22,1HZ50V,PUT,8.0,PENDIENTE,,35.17,36.93,232926.38799999998,233202.59900000002,1,1,0,-3,0,4,15.62,1.9525,0.666667,,PRE_TRADE,1771242502,2026-02-16T11:48:22.892468+00:00
2026-02-16 06:50:26,1HZ50V,PUT,8.0,GANANCIA,7.62,35.17,36.93,232926.38799999998,233202.59900000002,1,1,0,-3,0,4,15.62,1.9525,0.666667,1,CERRADO,1771242502,2026-02-16T11:50:26.076601+00:00
2026-02-16 06:51:10,1HZ10V,CALL,1.0,PENDIENTE,,72.69,72.73,9232.064,9227.1735,1,1,1,1,0,1,1.95,1.95,1.0,,PRE_TRADE,1771242670,2026-02-16T11:51:10.709756+00:00
2026-02-16 06:53:14,1HZ10V,CALL,1.0,GANANCIA,0.95,72.69,72.73,9232.064,9227.1735,1,1,1,1,0,1,1.95,1.95,1.0,1,CERRADO,1771242670,2026-02-16T11:53:14.157513+00:00
2026-02-16 06:53:58,1HZ50V,PUT,1.0,PENDIENTE,,34.0,36.15,232648.36000000002,233013.47049999997,1,1,0,2,0,1,1.95,1.95,0.666667,,PRE_TRADE,1771242838,2026-02-16T11:53:58.968775+00:00
2026-02-16 06:56:02,1HZ50V,PUT,1.0,GANANCIA,0.95,34.0,36.15,232648.36000000002,233013.47049999997,1,1,0,2,0,1,1.95,1.95,0.666667,1,CERRADO,1771242838,2026-02-16T11:56:02.896194+00:00
2026-02-16 06:56:48,1HZ100V,PUT,1.0,PENDIENTE,,35.84,47.57,1640.1719999999998,1642.58,1,1,0,3,0,1,1.95,1.95,0.666667,,PRE_TRADE,1771243008,2026-02-16T11:56:48.047175+00:00
2026-02-16 06:58:51,1HZ100V,PUT,1.0,PÉRDIDA,-1.0,35.84,47.57,1640.1719999999998,1642.58,1,1,0,3,0,1,1.95,1.95,0.666667,0,CERRADO,1771243008,2026-02-16T11:58:51.099310+00:00
2026-02-16 06:59:35,1HZ50V,PUT,2.0,PENDIENTE,,47.13,40.03,232423.82799999998,232768.24150000006,1,1,0,-1,0,2,3.91,1.955,0.666667,,PRE_TRADE,1771243175,2026-02-16T11:59:35.813554+00:00
2026-02-16 07:01:39,1HZ50V,PUT,2.0,GANANCIA,1.91,47.13,40.03,232423.82799999998,232768.24150000006,1,1,0,-1,0,2,3.91,1.955,0.666667,1,CERRADO,1771243175,2026-02-16T12:01:39.056832+00:00
2026-02-16 07:02:24,1HZ10V,CALL,1.0,PENDIENTE,,46.26,52.45,9234.35,9231.716499999999,1,1,0,1,0,1,1.95,1.95,0.666667,,PRE_TRADE,1771243344,2026-02-16T12:02:24.685123+00:00
2026-02-16 07:04:27,1HZ10V,CALL,1.0,PÉRDIDA,-1.0,46.26,52.45,9234.35,9231.716499999999,1,1,0,1,0,1,1.95,1.95,0.666667,0,CERRADO,1771243344,2026-02-16T12:04:27.983514+00:00
2026-02-16 07:05:12,1HZ100V,PUT,2.0,PENDIENTE,,55.42,49.68,1637.688,1640.0995000000003,1,1,0,-1,0,2,3.9,1.95,0.666667,,PRE_TRADE,1771243512,2026-02-16T12:05:12.578427+00:00
2026-02-16 07:07:15,1HZ100V,PUT,2.0,GANANCIA,1.9,55.42,49.68,1637.688,1640.0995000000003,1,1,0,-1,0,2,3.9,1.95,0.666667,1,CERRADO,1771243512,2026-02-16T12:07:15.852067+00:00
2026-02-16 07:08:23,1HZ25V,PUT,1.0,PENDIENTE,,38.63,42.99,743375.35,743682.9285,1,1,0,1,0,1,1.95,1.95,0.666667,,PRE_TRADE,1771243703,2026-02-16T12:08:23.455287+00:00
2026-02-16 07:10:27,1HZ25V,PUT,1.0,GANANCIA,0.95,38.63,42.99,743375.35,743682.9285,1,1,0,1,0,1,1.95,1.95,0.666667,1,CERRADO,1771243703,2026-02-16T12:10:27.193332+00:00
2026-02-16 07:11:12,1HZ50V,CALL,1.0,PENDIENTE,,73.91,62.06,232802.06800000003,232508.39649999997,1,1,0,2,0,1,1.95,1.95,0.666667,,PRE_TRADE,1771243872,2026-02-16T12:11:12.077450+00:00
2026-02-16 07:13:15,1HZ50V,CALL,1.0,PÉRDIDA,-1.0,73.91,62.06,232802.06800000003,232508.39649999997,1,1,0,2,0,1,1.95,1.95,0.666667,0,CERRADO,1771243872,2026-02-16T12:13:15.506316+00:00
2026-02-16 07:14:00,1HZ100V,PUT,2.0,PENDIENTE,,27.56,27.08,1620.8559999999998,1631.7759999999998,1,0,1,-1,0,2,3.9,1.95,0.666667,,PRE_TRADE,1771244040,2026-02-16T12:14:00.151076+00:00
2026-02-16 07:16:03,1HZ100V,PUT,2.0,PÉRDIDA,-2.0,27.56,27.08,1620.8559999999998,1631.7759999999998,1,0,1,-1,0,2,3.9,1.95,0.666667,0,CERRADO,1771244040,2026-02-16T12:16:03.588703+00:00
2026-02-16 07:16:48,1HZ10V,CALL,4.0,PENDIENTE,,36.86,41.03,9235.482,9235.124,1,1,0,-2,0,3,7.81,1.9525,0.666667,,PRE_TRADE,1771244208,2026-02-16T12:16:48.554263+00:00
2026-02-16 07:18:51,1HZ10V,CALL,4.0,PÉRDIDA,-4.0,36.86,41.03,9235.482,9235.124,1,1,0,-2,0,3,7.81,1.9525,0.666667,0,CERRADO,1771244208,2026-02-16T12:18:51.584897+00:00
2026-02-16 07:19:36,1HZ100V,PUT,8.0,PENDIENTE,,48.35,40.15,1619.012,1626.7864999999997,1,1,0,-3,0,4,15.62,1.9525,0.666667,,PRE_TRADE,1771244376,2026-02-16T12:19:36.518135+00:00
2026-02-16 07:21:40,1HZ100V,PUT,8.0,PÉRDIDA,-8.0,48.35,40.15,1619.012,1626.7864999999997,1,1,0,-3,0,4,15.62,1.9525,0.666667,0,CERRADO,1771244376,2026-02-16T12:21:40.054142+00:00
2026-02-16 07:22:24,1HZ50V,CALL,16.0,PENDIENTE,,26.09,47.05,233182.27000000002,232832.4115,1,1,0,-4,1,5,31.26,1.95375,0.666667,,PRE_TRADE,1771244544,2026-02-16T12:22:24.965872+00:00
2026-02-16 07:24:28,1HZ50V,CALL,16.0,GANANCIA,15.26,26.09,47.05,233182.27000000002,232832.4115,1,1,0,-4,1,5,31.26,1.95375,0.666667,1,CERRADO,1771244544,2026-02-16T12:24:28.392391+00:00
2026-02-16 07:25:31,1HZ10V,CALL,1.0,PENDIENTE,,54.82,52.9,9239.564000000002,9236.874500000002,1,1,0,1,0,1,1.95,1.95,0.666667,,PRE_TRADE,1771244731,2026-02-16T12:25:31.087820+00:00
2026-02-16 07:27:34,1HZ10V,CALL,1.0,PÉRDIDA,-1.0,54.82,52.9,9239.564000000002,9236.874500000002,1,1,0,1,0,1,1.95,1.95,0.666667,0,CERRADO,1771244731,2026-02-16T12:27:34.687237+00:00
2026-02-16 07:28:37,1HZ25V,PUT,2.0,PENDIENTE,,48.65,44.97,742291.3740000001,742432.6645,1,1,0,-1,0,2,3.91,1.955,0.666667,,PRE_TRADE,1771244917,2026-02-16T12:28:37.428958+00:00
2026-02-16 07:30:40,1HZ25V,PUT,2.0,PÉRDIDA,-2.0,48.65,44.97,742291.3740000001,742432.6645,1,1,0,-1,0,2,3.91,1.955,0.666667,0,CERRADO,1771244917,2026-02-16T12:30:40.688744+00:00
2026-02-16 07:32:01,1HZ75V,CALL,4.0,PENDIENTE,,63.51,54.92,3340.882,3336.0415000000003,1,1,0,-2,0,3,7.82,1.955,0.666667,,PRE_TRADE,1771245121,2026-02-16T12:32:01.713777+00:00
2026-02-16 07:34:05,1HZ75V,CALL,4.0,PÉRDIDA,-4.0,63.51,54.92,3340.882,3336.0415000000003,1,1,0,-2,0,3,7.82,1.955,0.666667,0,CERRADO,1771245121,2026-02-16T12:34:05.512601+00:00
2026-02-16 07:34:50,1HZ100V,PUT,8.0,PENDIENTE,,28.67,36.66,1610.106,1615.2825,1,1,0,-3,0,4,15.62,1.9525,0.666667,,PRE_TRADE,1771245290,2026-02-16T12:34:50.145872+00:00
2026-02-16 07:36:53,1HZ100V,PUT,8.0,GANANCIA,7.62,28.67,36.66,1610.106,1615.2825,1,1,0,-3,0,4,15.62,1.9525,0.666667,1,CERRADO,1771245290,2026-02-16T12:36:53.959435+00:00
2026-02-16 07:37:38,1HZ50V,PUT,1.0,PENDIENTE,,27.09,33.43,232422.72999999998,232803.80000000005,1,1,0,1,0,1,1.95,1.95,0.666667,,PRE_TRADE,1771245458,2026-02-16T12:37:38.930520+00:00
2026-02-16 07:39:42,1HZ50V,PUT,1.0,PÉRDIDA,-1.0,27.09,33.43,232422.72999999998,232803.80000000005,1,1,0,1,0,1,1.95,1.95,0.666667,0,CERRADO,1771245458,2026-02-16T12:39:42.062503+00:00
2026-02-16 07:40:26,1HZ50V,PUT,2.0,PENDIENTE,,29.96,34.22,232124.974,232646.87000000002,1,1,0,-1,0,2,3.91,1.955,0.666667,,PRE_TRADE,1771245626,2026-02-16T12:40:26.858545+00:00
2026-02-16 07:42:30,1HZ50V,PUT,2.0,PÉRDIDA,-2.0,29.96,34.22,232124.974,232646.87000000002,1,1,0,-1,0,2,3.91,1.955,0.666667,0,CERRADO,1771245626,2026-02-16T12:42:30.356086+00:00
2026-02-16 07:43:49,1HZ75V,CALL,4.0,PENDIENTE,,63.66,57.78,3350.5060000000003,3342.2019999999998,1,1,0,-2,0,3,7.82,1.955,0.666667,,PRE_TRADE,1771245829,2026-02-16T12:43:49.877115+00:00
2026-02-16 07:45:53,1HZ75V,CALL,4.0,PÉRDIDA,-4.0,63.66,57.78,3350.5060000000003,3342.2019999999998,1,1,0,-2,0,3,7.82,1.955,0.666667,0,CERRADO,1771245829,2026-02-16T12:45:53.735381+00:00
2026-02-16 07:46:38,1HZ50V,PUT,8.0,PENDIENTE,,26.76,30.72,231665.43,232237.16750000004,1,1,0,-3,0,4,15.62,1.9525,0.666667,,PRE_TRADE,1771245998,2026-02-16T12:46:38.571807+00:00
2026-02-16 07:48:41,1HZ50V,PUT,8.0,PÉRDIDA,-8.0,26.76,30.72,231665.43,232237.16750000004,1,1,0,-3,0,4,15.62,1.9525,0.666667,0,CERRADO,1771245998,2026-02-16T12:48:41.745231+00:00
2026-02-16 07:49:26,1HZ10V,CALL,16.0,PENDIENTE,,40.03,42.76,9247.048,9244.416000000001,1,1,0,-4,1,5,31.25,1.953125,0.666667,,PRE_TRADE,1771246166,2026-02-16T12:49:26.834377+00:00
2026-02-16 07:51:30,1HZ10V,CALL,16.0,PÉRDIDA,-16.0,40.03,42.76,9247.048,9244.416000000001,1,1,0,-4,1,5,31.25,1.953125,0.666667,0,CERRADO,1771246166,2026-02-16T12:51:30.648839+00:00
2026-02-16 07:52:15,1HZ25V,CALL,32.0,PENDIENTE,,57.5,63.41,745266.1780000001,743894.9430000001,1,1,0,-5,1,6,62.51,1.953437,0.666667,,PRE_TRADE,1771246335,2026-02-16T12:52:15.526022+00:00
2026-02-16 07:54:18,1HZ25V,CALL,32.0,PÉRDIDA,-32.0,57.5,63.41,745266.1780000001,743894.9430000001,1,1,0,-5,1,6,62.51,1.953437,0.666667,0,CERRADO,1771246335,2026-02-16T12:54:18.582099+00:00
2026-02-16 07:55:03,1HZ100V,PUT,1.0,PENDIENTE,,40.32,36.14,1606.5140000000001,1610.0720000000001,1,1,0,-6,1,1,1.95,1.95,0.666667,,PRE_TRADE,1771246503,2026-02-16T12:55:03.790917+00:00
2026-02-16 07:57:07,1HZ100V,PUT,1.0,PÉRDIDA,-1.0,40.32,36.14,1606.5140000000001,1610.0720000000001,1,1,0,-6,1,1,1.95,1.95,0.666667,0,CERRADO,1771246503,2026-02-16T12:57:07.050987+00:00
2026-02-16 07:57:51,1HZ50V,CALL,2.0,PENDIENTE,,53.63,52.27,232033.904,231884.562,1,1,0,-7,1,2,3.91,1.955,0.666667,,PRE_TRADE,1771246671,2026-02-16T12:57:51.835742+00:00
2026-02-16 07:59:54,1HZ50V,CALL,2.0,PÉRDIDA,-2.0,53.63,52.27,232033.904,231884.562,1,1,0,-7,1,2,3.91,1.955,0.666667,0,CERRADO,1771246671,2026-02-16T12:59:54.868151+00:00
2026-02-16 08:00:40,1HZ50V,CALL,4.0,PENDIENTE,,59.1,61.16,232471.38999999998,231968.15649999998,1,1,0,-8,1,3,7.81,1.9525,0.666667,,PRE_TRADE,1771246840,2026-02-16T13:00:40.904492+00:00
2026-02-16 08:02:44,1HZ50V,CALL,4.0,PÉRDIDA,-4.0,59.1,61.16,232471.38999999998,231968.15649999998,1,1,0,-8,1,3,7.81,1.9525,0.666667,0,CERRADO,1771246840,2026-02-16T13:02:44.356585+00:00
2026-02-16 08:03:28,1HZ50V,CALL,8.0,PENDIENTE,,77.77,57.05,232610.35,232079.17300000004,1,1,0,-9,1,4,15.63,1.95375,0.666667,,PRE_TRADE,1771247008,2026-02-16T13:03:28.928026+00:00
2026-02-16 08:05:32,1HZ50V,CALL,8.0,PÉRDIDA,-8.0,77.77,57.05,232610.35,232079.17300000004,1,1,0,-9,1,4,15.63,1.95375,0.666667,0,CERRADO,1771247008,2026-02-16T13:05:32.479747+00:00
2026-02-16 08:06:17,1HZ10V,CALL,16.0,PENDIENTE,,80.89,72.36,9253.838,9250.266500000002,1,1,0,-10,1,5,31.25,1.953125,0.666667,,PRE_TRADE,1771247177,2026-02-16T13:06:17.087355+00:00
2026-02-16 08:08:20,1HZ10V,CALL,16.0,GANANCIA,15.25,80.89,72.36,9253.838,9250.266500000002,1,1,0,-10,1,5,31.25,1.953125,0.666667,1,CERRADO,1771247177,2026-02-16T13:08:20.653866+00:00
2026-02-16 08:09:05,1HZ75V,CALL,1.0,PENDIENTE,,77.72,78.16,3381.1979999999994,3373.611,1,1,1,1,0,1,1.95,1.95,1.0,,PRE_TRADE,1771247345,2026-02-16T13:09:05.465761+00:00
2026-02-16 08:11:09,1HZ75V,CALL,1.0,GANANCIA,0.95,77.72,78.16,3381.1979999999994,3373.611,1,1,1,1,0,1,1.95,1.95,1.0,1,CERRADO,1771247345,2026-02-16T13:11:09.067421+00:00
2026-02-16 08:11:54,1HZ100V,PUT,1.0,PENDIENTE,,40.03,36.01,1598.846,1602.725,1,1,0,2,0,1,1.95,1.95,0.666667,,PRE_TRADE,1771247514,2026-02-16T13:11:54.042649+00:00
2026-02-16 08:13:57,1HZ100V,PUT,1.0,PÉRDIDA,-1.0,40.03,36.01,1598.846,1602.725,1,1,0,2,0,1,1.95,1.95,0.666667,0,CERRADO,1771247514,2026-02-16T13:13:57.505190+00:00
2026-02-16 08:15:19,1HZ10V,CALL,2.0,PENDIENTE,,54.73,60.71,9260.382000000001,9255.949999999999,1,1,0,-1,0,2,3.91,1.955,0.666667,,PRE_TRADE,1771247719,2026-02-16T13:15:19.479720+00:00
2026-02-16 08:17:23,1HZ10V,CALL,2.0,GANANCIA,1.91,54.73,60.71,9260.382000000001,9255.949999999999,1,1,0,-1,0,2,3.91,1.955,0.666667,1,CERRADO,1771247719,2026-02-16T13:17:23.689731+00:00
2026-02-16 08:18:09,1HZ100V,CALL,1.0,PENDIENTE,,36.18,50.29,1605.0299999999997,1602.102,1,1,0,1,0,1,1.95,1.95,0.666667,,PRE_TRADE,1771247889,2026-02-16T13:18:09.232886+00:00
2026-02-16 08:20:12,1HZ100V,CALL,1.0,PÉRDIDA,-1.0,36.18,50.29,1605.0299999999997,1602.102,1,1,0,1,0,1,1.95,1.95,0.666667,0,CERRADO,1771247889,2026-02-16T13:20:12.671858+00:00
2026-02-16 08:20:57,1HZ25V,PUT,2.0,PENDIENTE,,48.27,43.21,744468.04,744569.951,1,1,0,-1,0,2,3.91,1.955,0.666667,,PRE_TRADE,1771248057,2026-02-16T13:20:57.948334+00:00
2026-02-16 08:23:01,1HZ25V,PUT,2.0,PÉRDIDA,-2.0,48.27,43.21,744468.04,744569.951,1,1,0,-1,0,2,3.91,1.955,0.666667,0,CERRADO,1771248057,2026-02-16T13:23:01.283925+00:00
2026-02-16 08:23:46,1HZ100V,CALL,4.0,PENDIENTE,,45.81,46.92,1608.07,1602.85,1,1,0,-2,0,3,7.82,1.955,0.666667,,PRE_TRADE,1771248226,2026-02-16T13:23:46.564250+00:00
2026-02-16 08:25:50,1HZ100V,CALL,4.0,PÉRDIDA,-4.0,45.81,46.92,1608.07,1602.85,1,1,0,-2,0,3,7.82,1.955,0.666667,0,CERRADO,1771248226,2026-02-16T13:25:50.532761+00:00
2026-02-16 08:26:36,1HZ50V,PUT,8.0,PENDIENTE,,40.32,46.45,231877.55400000006,232027.04249999992,1,1,0,-3,0,4,15.62,1.9525,0.666667,,PRE_TRADE,1771248396,2026-02-16T13:26:36.393168+00:00
2026-02-16 08:28:39,1HZ50V,PUT,8.0,GANANCIA,7.62,40.32,46.45,231877.55400000006,232027.04249999992,1,1,0,-3,0,4,15.62,1.9525,0.666667,1,CERRADO,1771248396,2026-02-16T13:28:39.632978+00:00
2026-02-16 08:29:24,1HZ75V,CALL,1.0,PENDIENTE,,90.77,69.66,3385.8480000000004,3380.3050000000003,1,1,0,1,0,1,1.95,1.95,0.666667,,PRE_TRADE,1771248564,2026-02-16T13:29:24.660849+00:00
2026-02-16 08:31:28,1HZ75V,CALL,1.0,GANANCIA,0.95,90.77,69.66,3385.8480000000004,3380.3050000000003,1,1,0,1,0,1,1.95,1.95,0.666667,1,CERRADO,1771248564,2026-02-16T13:31:28.081957+00:00
2026-02-16 08:33:33,1HZ75V,CALL,1.0,PENDIENTE,,98.05,85.43,3395.238,3382.6935000000003,1,1,0,2,0,1,1.95,1.95,0.666667,,PRE_TRADE,1771248813,2026-02-16T13:33:33.758994+00:00
2026-02-16 08:35:37,1HZ75V,CALL,1.0,PÉRDIDA,-1.0,98.05,85.43,3395.238,3382.6935000000003,1,1,0,2,0,1,1.95,1.95,0.666667,0,CERRADO,1771248813,2026-02-16T13:35:37.224940+00:00
2026-02-16 08:36:42,1HZ100V,CALL,2.0,PENDIENTE,,56.56,51.63,1606.7779999999998,1606.4360000000001,1,1,0,-1,0,2,3.91,1.955,0.666667,,PRE_TRADE,1771249002,2026-02-16T13:36:42.352491+00:00
2026-02-16 08:38:45,1HZ100V,CALL,2.0,GANANCIA,1.91,56.56,51.63,1606.7779999999998,1606.4360000000001,1,1,0,-1,0,2,3.91,1.955,0.666667,1,CERRADO,1771249002,2026-02-16T13:38:45.946357+00:00
2026-02-16 08:39:32,1HZ25V,CALL,1.0,PENDIENTE,,47.58,58.57,744432.906,743988.4514999999,1,1,0,1,0,1,1.95,1.95,0.666667,,PRE_TRADE,1771249172,2026-02-16T13:39:32.335830+00:00
2026-02-16 08:41:35,1HZ25V,CALL,1.0,PÉRDIDA,-1.0,47.58,58.57,744432.906,743988.4514999999,1,1,0,1,0,1,1.95,1.95,0.666667,0,CERRADO,1771249172,2026-02-16T13:41:35.624618+00:00
2026-02-16 08:42:21,1HZ10V,CALL,2.0,PENDIENTE,,62.87,71.35,9268.130000000001,9265.466499999999,1,1,1,-1,0,2,3.91,1.955,1.0,,PRE_TRADE,1771249341,2026-02-16T13:42:21.672692+00:00
2026-02-16 08:44:25,1HZ10V,CALL,2.0,PÉRDIDA,-2.0,62.87,71.35,9268.130000000001,9265.466499999999,1,1,1,-1,0,2,3.91,1.955,1.0,0,CERRADO,1771249341,2026-02-16T13:44:25.165906+00:00
2026-02-16 08:45:28,1HZ75V,CALL,4.0,PENDIENTE,,58.33,48.42,3412.922,3400.430500000001,1,1,0,-2,0,3,7.82,1.955,0.666667,,PRE_TRADE,1771249528,2026-02-16T13:45:28.500349+00:00
2026-02-16 08:47:31,1HZ75V,CALL,4.0,PÉRDIDA,-4.0,58.33,48.42,3412.922,3400.430500000001,1,1,0,-2,0,3,7.82,1.955,0.666667,0,CERRADO,1771249528,2026-02-16T13:47:31.977496+00:00
2026-02-16 08:48:40,1HZ10V,PUT,8.0,PENDIENTE,,47.01,43.58,9266.142000000002,9266.865999999998,1,1,0,-3,0,4,15.62,1.9525,0.666667,,PRE_TRADE,1771249720,2026-02-16T13:48:40.842589+00:00
2026-02-16 08:50:44,1HZ10V,PUT,8.0,PÉRDIDA,-8.0,47.01,43.58,9266.142000000002,9266.865999999998,1,1,0,-3,0,4,15.62,1.9525,0.666667,0,CERRADO,1771249720,2026-02-16T13:50:44.681936+00:00
2026-02-16 08:51:30,1HZ100V,PUT,16.0,PENDIENTE,,26.4,24.15,1603.882,1606.7375,1,0,1,-4,1,5,31.23,1.951875,0.666667,,PRE_TRADE,1771249890,2026-02-16T13:51:30.134643+00:00
2026-02-16 08:53:33,1HZ100V,PUT,16.0,PÉRDIDA,-16.0,26.4,24.15,1603.882,1606.7375,1,0,1,-4,1,5,31.23,1.951875,0.666667,0,CERRADO,1771249890,2026-02-16T13:53:33.552069+00:00
2026-02-16 08:54:18,1HZ75V,CALL,32.0,PENDIENTE,,46.69,51.52,3412.058,3408.2365,1,1,0,-5,1,6,62.53,1.954063,0.666667,,PRE_TRADE,1771250058,2026-02-16T13:54:18.845307+00:00
2026-02-16 08:56:22,1HZ75V,CALL,32.0,PÉRDIDA,-32.0,46.69,51.52,3412.058,3408.2365,1,1,0,-5,1,6,62.53,1.954063,0.666667,0,CERRADO,1771250058,2026-02-16T13:56:22.206485+00:00
2026-02-16 09:04:13,1HZ10V,CALL,1.0,PENDIENTE,,79.57,82.99,9271.874,9268.2595,1,1,1,-6,1,1,1.95,1.95,1.0,,PRE_TRADE,1771250653,2026-02-16T14:04:13.687626+00:00
2026-02-16 09:08:18,1HZ25V,CALL,1.0,PENDIENTE,,71.12,71.78,745041.292,744875.632,1,1,1,-6,1,1,1.95,1.95,1.0,,PRE_TRADE,1771250898,2026-02-16T14:08:18.944468+00:00
2026-02-16 09:10:22,1HZ25V,CALL,1.0,PÉRDIDA,-1.0,71.12,71.78,745041.292,744875.632,1,1,1,-6,1,1,1.95,1.95,1.0,0,CERRADO,1771250898,2026-02-16T14:10:22.662598+00:00
2026-02-16 09:11:08,1HZ100V,CALL,2.0,PENDIENTE,,68.48,60.8,1615.666,1609.3115,1,1,0,-7,1,2,3.91,1.955,0.666667,,PRE_TRADE,1771251068,2026-02-16T14:11:08.104740+00:00
2026-02-16 09:13:11,1HZ100V,CALL,2.0,GANANCIA,1.91,68.48,60.8,1615.666,1609.3115,1,1,0,-7,1,2,3.91,1.955,0.666667,1,CERRADO,1771251068,2026-02-16T14:13:11.711500+00:00
2026-02-16 09:13:56,1HZ100V,CALL,1.0,PENDIENTE,,49.17,70.16,1617.4199999999998,1610.8854999999999,1,1,1,1,0,1,1.95,1.95,1.0,,PRE_TRADE,1771251236,2026-02-16T14:13:56.746180+00:00
2026-02-16 09:19:45,1HZ100V,CALL,1.0,PENDIENTE,,65.63,56.66,1621.13,1615.8894999999998,1,1,0,0,0,1,1.95,1.95,0.666667,,PRE_TRADE,1771251585,2026-02-16T14:19:45.597440+00:00
2026-02-16 09:21:49,1HZ100V,CALL,1.0,PÉRDIDA,-1.0,65.63,56.66,1621.13,1615.8894999999998,1,1,0,0,0,1,1.95,1.95,0.666667,0,CERRADO,1771251585,2026-02-16T14:21:49.574935+00:00
2026-02-16 09:22:38,1HZ25V,CALL,2.0,PENDIENTE,,57.64,62.04,745861.0599999999,745344.0335000001,1,1,0,-1,0,2,3.91,1.955,0.666667,,PRE_TRADE,1771251758,2026-02-16T14:22:38.903867+00:00
2026-02-16 09:24:42,1HZ25V,CALL,2.0,PÉRDIDA,-2.0,57.64,62.04,745861.0599999999,745344.0335000001,1,1,0,-1,0,2,3.91,1.955,0.666667,0,CERRADO,1771251758,2026-02-16T14:24:42.648338+00:00
2026-02-16 09:28:32,1HZ10V,PUT,4.0,PENDIENTE,,42.99,44.33,9265.749999999998,9269.248499999998,1,1,0,-2,0,3,7.81,1.9525,0.666667,,PRE_TRADE,1771252112,2026-02-16T14:28:32.871358+00:00
2026-02-16 09:30:38,1HZ10V,PUT,4.0,GANANCIA,3.81,42.99,44.33,9265.749999999998,9269.248499999998,1,1,0,-2,0,3,7.81,1.9525,0.666667,1,CERRADO,1771252112,2026-02-16T14:30:38.434232+00:00
2026-02-16 09:30:42,1HZ10V,PUT,4.0,PENDIENTE,,42.17,42.58,9265.634,9268.6055,1,1,0,1,0,3,7.81,1.9525,0.666667,,PRE_TRADE,1771252242,2026-02-16T14:30:42.251609+00:00
2026-02-16 09:32:46,1HZ10V,PUT,4.0,GANANCIA,3.81,42.17,42.58,9265.634,9268.6055,1,1,0,1,0,3,7.81,1.9525,0.666667,1,CERRADO,1771252242,2026-02-16T14:32:46.207301+00:00
2026-02-16 09:35:08,1HZ50V,CALL,1.0,PENDIENTE,,31.81,44.75,233045.206,232717.3735,1,1,0,2,0,1,1.95,1.95,0.666667,,PRE_TRADE,1771252508,2026-02-16T14:35:08.057168+00:00
2026-02-16 09:37:11,1HZ50V,CALL,1.0,GANANCIA,0.95,31.81,44.75,233045.206,232717.3735,1,1,0,2,0,1,1.95,1.95,0.666667,1,CERRADO,1771252508,2026-02-16T14:37:11.935817+00:00
2026-02-16 09:38:17,1HZ100V,CALL,1.0,PENDIENTE,,35.04,34.45,1621.9940000000001,1621.3625,1,1,0,3,0,1,1.95,1.95,0.666667,,PRE_TRADE,1771252697,2026-02-16T14:38:17.060398+00:00
2026-02-16 09:40:21,1HZ100V,CALL,1.0,GANANCIA,0.95,35.04,34.45,1621.9940000000001,1621.3625,1,1,0,3,0,1,1.95,1.95,0.666667,1,CERRADO,1771252697,2026-02-16T14:40:21.155373+00:00
2026-02-16 09:41:09,1HZ100V,CALL,1.0,PENDIENTE,,36.42,35.47,1623.09,1621.2579999999998,1,1,0,4,0,1,1.95,1.95,0.666667,,PRE_TRADE,1771252869,2026-02-16T14:41:09.888644+00:00
2026-02-16 09:43:13,1HZ100V,CALL,1.0,GANANCIA,0.95,36.42,35.47,1623.09,1621.2579999999998,1,1,0,4,0,1,1.95,1.95,0.666667,1,CERRADO,1771252869,2026-02-16T14:43:13.798773+00:00
2026-02-16 09:44:02,1HZ50V,PUT,1.0,PENDIENTE,,32.29,34.64,232868.564,232880.912,1,1,0,5,0,1,1.95,1.95,0.666667,,PRE_TRADE,1771253042,2026-02-16T14:44:02.884715+00:00
2026-02-16 09:46:06,1HZ50V,PUT,1.0,PÉRDIDA,-1.0,32.29,34.64,232868.564,232880.912,1,1,0,5,0,1,1.95,1.95,0.666667,0,CERRADO,1771253042,2026-02-16T14:46:06.809572+00:00
2026-02-16 09:46:55,1HZ50V,PUT,2.0,PENDIENTE,,20.91,22.31,232549.686,232875.6435,1,1,0,-1,0,2,3.91,1.955,0.666667,,PRE_TRADE,1771253215,2026-02-16T14:46:55.622367+00:00
2026-02-16 09:48:59,1HZ50V,PUT,2.0,GANANCIA,1.91,20.91,22.31,232549.686,232875.6435,1,1,0,-1,0,2,3.91,1.955,0.666667,1,CERRADO,1771253215,2026-02-16T14:48:59.626858+00:00
2026-02-16 09:49:49,1HZ25V,CALL,1.0,PENDIENTE,,69.16,68.95,747421.012,746606.7410000002,1,1,0,1,0,1,1.95,1.95,0.666667,,PRE_TRADE,1771253389,2026-02-16T14:49:49.242884+00:00
2026-02-16 09:51:52,1HZ25V,CALL,1.0,PÉRDIDA,-1.0,69.16,68.95,747421.012,746606.7410000002,1,1,0,1,0,1,1.95,1.95,0.666667,0,CERRADO,1771253389,2026-02-16T14:51:52.893899+00:00
2026-02-16 09:52:42,1HZ10V,CALL,2.0,PENDIENTE,,56.18,48.78,9270.768,9268.912,1,1,0,-1,0,2,3.91,1.955,0.666667,,PRE_TRADE,1771253562,2026-02-16T14:52:42.458759+00:00
2026-02-16 09:54:46,1HZ10V,CALL,2.0,PÉRDIDA,-2.0,56.18,48.78,9270.768,9268.912,1,1,0,-1,0,2,3.91,1.955,0.666667,0,CERRADO,1771253562,2026-02-16T14:54:46.548060+00:00
2026-02-16 09:56:21,1HZ10V,CALL,4.0,PENDIENTE,,49.27,44.48,9271.99,9269.749999999996,1,1,0,-2,0,3,7.81,1.9525,0.666667,,PRE_TRADE,1771253781,2026-02-16T14:56:21.051103+00:00
2026-02-16 09:58:25,1HZ10V,CALL,4.0,PÉRDIDA,-4.0,49.27,44.48,9271.99,9269.749999999996,1,1,0,-2,0,3,7.81,1.9525,0.666667,0,CERRADO,1771253781,2026-02-16T14:58:25.092673+00:00
2026-02-16 10:02:10,1HZ100V,CALL,8.0,PENDIENTE,,56.43,42.75,1622.0700000000002,1621.7144999999996,1,1,0,-3,0,4,15.63,1.95375,0.666667,,PRE_TRADE,1771254130,2026-02-16T15:02:10.314956+00:00
2026-02-16 10:04:14,1HZ100V,CALL,8.0,PÉRDIDA,-8.0,56.43,42.75,1622.0700000000002,1621.7144999999996,1,1,0,-3,0,4,15.63,1.95375,0.666667,0,CERRADO,1771254130,2026-02-16T15:04:14.351415+00:00
2026-02-16 10:05:03,1HZ75V,PUT,16.0,PENDIENTE,,67.18,56.36,3453.334,3459.5205,1,1,0,-4,1,5,31.24,1.9525,0.666667,,PRE_TRADE,1771254303,2026-02-16T15:05:03.707729+00:00
2026-02-16 10:07:07,1HZ75V,PUT,16.0,PÉRDIDA,-16.0,67.18,56.36,3453.334,3459.5205,1,1,0,-4,1,5,31.24,1.9525,0.666667,0,CERRADO,1771254303,2026-02-16T15:07:07.535474+00:00
2026-02-16 10:07:56,1HZ25V,PUT,1.0,PENDIENTE,,0.0,65.51,746885.436,747426.1969999999,1,1,0,-5,1,1,1.95,1.95,0.666667,,PRE_TRADE,1771254476,2026-02-16T15:07:56.865793+00:00
2026-02-16 10:10:01,1HZ25V,PUT,1.0,GANANCIA,0.95,0.0,65.51,746885.436,747426.1969999999,1,1,0,-5,1,1,1.95,1.95,0.666667,1,CERRADO,1771254476,2026-02-16T15:10:01.521452+00:00
2026-02-16 10:11:06,1HZ50V,PUT,1.0,PENDIENTE,,59.13,49.54,231913.06600000002,232290.946,1,1,0,1,0,1,1.95,1.95,0.666667,,PRE_TRADE,1771254666,2026-02-16T15:11:06.840896+00:00
2026-02-16 10:13:10,1HZ50V,PUT,1.0,PÉRDIDA,-1.0,59.13,49.54,231913.06600000002,232290.946,1,1,0,1,0,1,1.95,1.95,0.666667,0,CERRADO,1771254666,2026-02-16T15:13:10.846003+00:00
2026-02-16 10:14:13,1HZ25V,PUT,2.0,PENDIENTE,,41.85,48.91,745831.5719999999,746877.3685000001,1,1,0,-1,0,2,3.91,1.955,0.666667,,PRE_TRADE,1771254853,2026-02-16T15:14:13.987443+00:00
2026-02-16 10:16:17,1HZ25V,PUT,2.0,GANANCIA,1.91,41.85,48.91,745831.5719999999,746877.3685000001,1,1,0,-1,0,2,3.91,1.955,0.666667,1,CERRADO,1771254853,2026-02-16T15:16:17.702113+00:00
2026-02-16 10:17:38,1HZ50V,PUT,1.0,PENDIENTE,,41.53,45.89,231933.40600000002,232088.97699999996,1,1,0,1,0,1,1.95,1.95,0.666667,,PRE_TRADE,1771255058,2026-02-16T15:17:38.772185+00:00
2026-02-16 10:19:42,1HZ50V,PUT,1.0,PÉRDIDA,-1.0,41.53,45.89,231933.40600000002,232088.97699999996,1,1,0,1,0,1,1.95,1.95,0.666667,0,CERRADO,1771255058,2026-02-16T15:19:42.890703+00:00
2026-02-16 10:21:19,1HZ25V,PUT,2.0,PENDIENTE,,39.43,43.94,745155.6300000001,745932.1015,1,1,0,-1,0,2,3.91,1.955,0.666667,,PRE_TRADE,1771255279,2026-02-16T15:21:19.318123+00:00
2026-02-16 10:23:23,1HZ25V,PUT,2.0,GANANCIA,1.91,39.43,43.94,745155.6300000001,745932.1015,1,1,0,-1,0,2,3.91,1.955,0.666667,1,CERRADO,1771255279,2026-02-16T15:23:23.389055+00:00
2026-02-16 10:24:13,1HZ75V,CALL,1.0,PENDIENTE,,51.03,55.61,3454.3059999999996,3450.7650000000003,1,1,0,1,0,1,1.95,1.95,0.666667,,PRE_TRADE,1771255453,2026-02-16T15:24:13.253187+00:00
2026-02-16 10:26:16,1HZ75V,CALL,1.0,GANANCIA,0.95,51.03,55.61,3454.3059999999996,3450.7650000000003,1,1,0,1,0,1,1.95,1.95,0.666667,1,CERRADO,1771255453,2026-02-16T15:26:16.947780+00:00
2026-02-16 10:27:13,1HZ10V,CALL,1.0,PENDIENTE,,52.01,52.88,9270.65,9270.456999999999,1,1,0,2,0,1,1.95,1.95,0.666667,,PRE_TRADE,1771255633,2026-02-16T15:27:13.470763+00:00
2026-02-16 10:29:17,1HZ10V,CALL,1.0,GANANCIA,0.95,52.01,52.88,9270.65,9270.456999999999,1,1,0,2,0,1,1.95,1.95,0.666667,1,CERRADO,1771255633,2026-02-16T15:29:17.066426+00:00
2026-02-16 10:30:08,1HZ25V,PUT,1.0,PENDIENTE,,24.86,38.48,744144.948,744884.1510000002,1,1,0,3,0,1,1.95,1.95,0.666667,,PRE_TRADE,1771255808,2026-02-16T15:30:08.860506+00:00
2026-02-16 10:32:12,1HZ25V,PUT,1.0,PÉRDIDA,-1.0,24.86,38.48,744144.948,744884.1510000002,1,1,0,3,0,1,1.95,1.95,0.666667,0,CERRADO,1771255808,2026-02-16T15:32:12.745250+00:00
2026-02-16 10:33:29,1HZ75V,PUT,2.0,PENDIENTE,,56.34,56.58,3454.2699999999995,3454.9019999999996,1,1,0,-1,0,2,3.9,1.95,0.666667,,PRE_TRADE,1771256009,2026-02-16T15:33:29.892767+00:00
2026-02-16 10:35:33,1HZ75V,PUT,2.0,GANANCIA,1.9,56.34,56.58,3454.2699999999995,3454.9019999999996,1,1,0,-1,0,2,3.9,1.95,0.666667,1,CERRADO,1771256009,2026-02-16T15:35:33.480684+00:00
2026-02-16 10:36:23,1HZ100V,PUT,1.0,PENDIENTE,,41.09,43.45,1623.97,1625.4030000000002,1,1,0,1,0,1,1.95,1.95,0.666667,,PRE_TRADE,1771256183,2026-02-16T15:36:23.286377+00:00
2026-02-16 10:38:27,1HZ100V,PUT,1.0,GANANCIA,0.95,41.09,43.45,1623.97,1625.4030000000002,1,1,0,1,0,1,1.95,1.95,0.666667,1,CERRADO,1771256183,2026-02-16T15:38:27.057973+00:00
2026-02-16 10:39:31,1HZ100V,CALL,1.0,PENDIENTE,,45.8,42.41,1626.346,1626.046,1,1,0,2,0,1,1.95,1.95,0.666667,,PRE_TRADE,1771256371,2026-02-16T15:39:31.568893+00:00
2026-02-16 10:53:50,1HZ100V,CALL,1.0,GANANCIA,0.95,45.8,42.41,1626.346,1626.046,1,1,0,2,0,1,1.95,1.95,0.666667,1,CERRADO,1771256371,2026-02-16T15:53:50.299516+00:00
2026-02-16 10:53:53,1HZ50V,PUT,1.0,PENDIENTE,,50.04,45.09,232779.51399999997,233027.46749999994,1,1,0,3,0,1,1.95,1.95,0.666667,,PRE_TRADE,1771257233,2026-02-16T15:53:53.925584+00:00
2026-02-16 10:55:57,1HZ50V,PUT,1.0,PÉRDIDA,-1.0,50.04,45.09,232779.51399999997,233027.46749999994,1,1,0,3,0,1,1.95,1.95,0.666667,0,CERRADO,1771257233,2026-02-16T15:55:57.861333+00:00
2026-02-16 10:56:47,1HZ100V,CALL,2.0,PENDIENTE,,70.44,67.16,1642.618,1636.7985,1,1,0,-1,0,2,3.91,1.955,0.666667,,PRE_TRADE,1771257407,2026-02-16T15:56:47.312396+00:00
2026-02-16 10:58:51,1HZ100V,CALL,2.0,PÉRDIDA,-2.0,70.44,67.16,1642.618,1636.7985,1,1,0,-1,0,2,3.91,1.955,0.666667,0,CERRADO,1771257407,2026-02-16T15:58:51.247846+00:00
2026-02-16 10:59:44,1HZ25V,PUT,4.0,PENDIENTE,,37.02,39.05,742554.1399999999,743028.8829999999,1,1,0,-2,0,3,7.81,1.9525,0.666667,,PRE_TRADE,1771257584,2026-02-16T15:59:44.067737+00:00
2026-02-16 11:01:47,1HZ25V,PUT,4.0,GANANCIA,3.81,37.02,39.05,742554.1399999999,743028.8829999999,1,1,0,-2,0,3,7.81,1.9525,0.666667,1,CERRADO,1771257584,2026-02-16T16:01:47.815472+00:00
2026-02-16 11:02:36,1HZ25V,PUT,1.0,PENDIENTE,,30.23,33.84,741936.982,742789.9594999999,1,1,0,1,0,1,1.95,1.95,0.666667,,PRE_TRADE,1771257756,2026-02-16T16:02:36.666146+00:00
2026-02-16 11:04:40,1HZ25V,PUT,1.0,PÉRDIDA,-1.0,30.23,33.84,741936.982,742789.9594999999,1,1,0,1,0,1,1.95,1.95,0.666667,0,CERRADO,1771257756,2026-02-16T16:04:40.476263+00:00
2026-02-16 11:05:43,1HZ75V,PUT,2.0,PENDIENTE,,63.33,60.54,3425.5840000000003,3431.1695,1,1,0,-1,0,2,3.9,1.95,0.666667,,PRE_TRADE,1771257943,2026-02-16T16:05:43.859593+00:00
2026-02-16 11:07:47,1HZ75V,PUT,2.0,GANANCIA,1.9,63.33,60.54,3425.5840000000003,3431.1695,1,1,0,-1,0,2,3.9,1.95,0.666667,1,CERRADO,1771257943,2026-02-16T16:07:47.843179+00:00
2026-02-16 11:08:36,1HZ100V,PUT,1.0,PENDIENTE,,41.1,46.66,1637.5819999999999,1641.0075000000002,1,1,0,1,0,1,1.95,1.95,0.666667,,PRE_TRADE,1771258116,2026-02-16T16:08:36.504037+00:00
2026-02-16 11:10:40,1HZ100V,PUT,1.0,GANANCIA,0.95,41.1,46.66,1637.5819999999999,1641.0075000000002,1,1,0,1,0,1,1.95,1.95,0.666667,1,CERRADO,1771258116,2026-02-16T16:10:40.140998+00:00
2026-02-16 11:11:28,1HZ25V,PUT,1.0,PENDIENTE,,48.29,40.12,741738.7499999999,742159.2555,1,1,0,2,0,1,1.95,1.95,0.666667,,PRE_TRADE,1771258288,2026-02-16T16:11:28.490619+00:00
2026-02-16 11:13:32,1HZ25V,PUT,1.0,PÉRDIDA,-1.0,48.29,40.12,741738.7499999999,742159.2555,1,1,0,2,0,1,1.95,1.95,0.666667,0,CERRADO,1771258288,2026-02-16T16:13:32.285825+00:00
2026-02-16 11:14:51,1HZ50V,PUT,2.0,PENDIENTE,,52.84,42.55,232759.68,232990.911,1,1,0,-1,0,2,3.91,1.955,0.666667,,PRE_TRADE,1771258491,2026-02-16T16:14:51.901283+00:00
2026-02-16 11:16:55,1HZ50V,PUT,2.0,PÉRDIDA,-2.0,52.84,42.55,232759.68,232990.911,1,1,0,-1,0,2,3.91,1.955,0.666667,0,CERRADO,1771258491,2026-02-16T16:16:55.564308+00:00
2026-02-16 11:17:43,1HZ75V,CALL,4.0,PENDIENTE,,70.6,64.12,3427.114,3423.161,1,1,0,-2,0,3,7.82,1.955,0.666667,,PRE_TRADE,1771258663,2026-02-16T16:17:43.849547+00:00
2026-02-16 11:19:47,1HZ75V,CALL,4.0,GANANCIA,3.82,70.6,64.12,3427.114,3423.161,1,1,0,-2,0,3,7.82,1.955,0.666667,1,CERRADO,1771258663,2026-02-16T16:19:47.727030+00:00
2026-02-16 11:20:36,1HZ100V,PUT,1.0,PENDIENTE,,29.18,30.89,1628.094,1632.056,1,1,0,1,0,1,1.95,1.95,0.666667,,PRE_TRADE,1771258836,2026-02-16T16:20:36.407385+00:00
2026-02-16 11:22:40,1HZ100V,PUT,1.0,PÉRDIDA,-1.0,29.18,30.89,1628.094,1632.056,1,1,0,1,0,1,1.95,1.95,0.666667,0,CERRADO,1771258836,2026-02-16T16:22:40.215258+00:00
2026-02-16 11:23:28,1HZ25V,CALL,2.0,PENDIENTE,,64.31,61.06,742244.86,741828.8695,1,1,0,-1,0,2,3.91,1.955,0.666667,,PRE_TRADE,1771259008,2026-02-16T16:23:28.753687+00:00
2026-02-16 11:25:32,1HZ25V,CALL,2.0,GANANCIA,1.91,64.31,61.06,742244.86,741828.8695,1,1,0,-1,0,2,3.91,1.955,0.666667,1,CERRADO,1771259008,2026-02-16T16:25:32.590347+00:00
2026-02-16 11:26:41,1HZ75V,PUT,1.0,PENDIENTE,,58.31,69.99,3424.7300000000005,3425.0225000000005,1,1,0,1,0,1,1.95,1.95,0.666667,,PRE_TRADE,1771259201,2026-02-16T16:26:41.905690+00:00
2026-02-16 11:28:45,1HZ75V,PUT,1.0,GANANCIA,0.95,58.31,69.99,3424.7300000000005,3425.0225000000005,1,1,0,1,0,1,1.95,1.95,0.666667,1,CERRADO,1771259201,2026-02-16T16:28:45.649127+00:00
2026-02-16 11:29:33,1HZ25V,CALL,1.0,PENDIENTE,,66.67,63.91,742523.008,742069.4514999999,1,1,0,2,0,1,1.95,1.95,0.666667,,PRE_TRADE,1771259373,2026-02-16T16:29:33.908176+00:00
2026-02-16 11:31:37,1HZ25V,CALL,1.0,PÉRDIDA,-1.0,66.67,63.91,742523.008,742069.4514999999,1,1,0,2,0,1,1.95,1.95,0.666667,0,CERRADO,1771259373,2026-02-16T16:31:37.979957+00:00
2026-02-16 11:32:31,1HZ100V,PUT,2.0,PENDIENTE,,45.67,41.66,1628.802,1628.8194999999998,1,1,0,-1,0,2,3.9,1.95,0.666667,,PRE_TRADE,1771259551,2026-02-16T16:32:31.955960+00:00
2026-02-16 11:34:35,1HZ100V,PUT,2.0,PÉRDIDA,-2.0,45.67,41.66,1628.802,1628.8194999999998,1,1,0,-1,0,2,3.9,1.95,0.666667,0,CERRADO,1771259551,2026-02-16T16:34:35.566521+00:00
2026-02-16 11:36:51,1HZ100V,PUT,1.0,PENDIENTE,,54.13,52.4,1628.288,1629.0895,1,1,0,-2,0,1,1.95,1.95,0.666667,,PRE_TRADE,1771259811,2026-02-16T16:36:51.559384+00:00
2026-02-16 11:37:03,1HZ10V,PUT,4.0,PENDIENTE,,34.78,40.03,9259.810000000001,9261.428500000002,1,1,0,-2,0,3,7.81,1.9525,0.666667,,PRE_TRADE,1771259823,2026-02-16T16:37:03.424712+00:00
2026-02-16 11:39:21,1HZ75V,CALL,4.0,PENDIENTE,,43.38,38.0,3429.6240000000007,3425.3245,1,1,0,-2,0,3,7.82,1.955,0.666667,,PRE_TRADE,1771259961,2026-02-16T16:39:21.864977+00:00
2026-02-16 11:41:25,1HZ75V,CALL,4.0,PÉRDIDA,-4.0,43.38,38.0,3429.6240000000007,3425.3245,1,1,0,-2,0,3,7.82,1.955,0.666667,0,CERRADO,1771259961,2026-02-16T16:41:25.926360+00:00
2026-02-16 11:41:38,1HZ50V,PUT,1.0,PENDIENTE,,28.52,37.82,232245.36200000002,232435.09699999998,1,1,0,-3,0,1,1.95,1.95,0.666667,,PRE_TRADE,1771260098,2026-02-16T16:41:38.291833+00:00
2026-02-16 11:43:42,1HZ50V,PUT,1.0,PÉRDIDA,-1.0,28.52,37.82,232245.36200000002,232435.09699999998,1,1,0,-3,0,1,1.95,1.95,0.666667,0,CERRADO,1771260098,2026-02-16T16:43:42.503611+00:00
2026-02-16 11:45:04,1HZ50V,PUT,2.0,PENDIENTE,,42.3,44.24,232042.554,232360.6395,1,1,0,-4,1,2,3.91,1.955,0.666667,,PRE_TRADE,1771260304,2026-02-16T16:45:04.217805+00:00
2026-02-16 11:47:08,1HZ50V,PUT,2.0,GANANCIA,1.91,42.3,44.24,232042.554,232360.6395,1,1,0,-4,1,2,3.91,1.955,0.666667,1,CERRADO,1771260304,2026-02-16T16:47:08.400392+00:00
2026-02-16 11:47:57,1HZ10V,PUT,1.0,PENDIENTE,,31.19,36.81,9254.645999999999,9258.285499999998,1,1,0,1,0,1,1.95,1.95,0.666667,,PRE_TRADE,1771260477,2026-02-16T16:47:57.586832+00:00
2026-02-16 11:50:02,1HZ10V,PUT,1.0,PÉRDIDA,-1.0,31.19,36.81,9254.645999999999,9258.285499999998,1,1,0,1,0,1,1.95,1.95,0.666667,0,CERRADO,1771260477,2026-02-16T16:50:02.100120+00:00
2026-02-16 11:50:52,1HZ50V,PUT,2.0,PENDIENTE,,33.84,32.11,231597.304,232127.9015,1,1,0,-1,0,2,3.91,1.955,0.666667,,PRE_TRADE,1771260652,2026-02-16T16:50:52.274556+00:00
2026-02-16 11:52:56,1HZ50V,PUT,2.0,GANANCIA,1.91,33.84,32.11,231597.304,232127.9015,1,1,0,-1,0,2,3.91,1.955,0.666667,1,CERRADO,1771260652,2026-02-16T16:52:56.091258+00:00
2026-02-16 11:53:46,1HZ25V,PUT,1.0,PENDIENTE,,49.43,57.62,741847.182,741943.3689999997,1,1,0,1,0,1,1.95,1.95,0.666667,,PRE_TRADE,1771260826,2026-02-16T16:53:46.041412+00:00
2026-02-16 11:55:50,1HZ25V,PUT,1.0,GANANCIA,0.95,49.43,57.62,741847.182,741943.3689999997,1,1,0,1,0,1,1.95,1.95,0.666667,1,CERRADO,1771260826,2026-02-16T16:55:50.089322+00:00
2026-02-16 11:56:39,1HZ50V,PUT,1.0,PENDIENTE,,29.87,29.27,231219.40600000002,231736.18100000004,1,1,1,2,0,1,1.95,1.95,1.0,,PRE_TRADE,1771260999,2026-02-16T16:56:39.803264+00:00
2026-02-16 11:58:44,1HZ50V,PUT,1.0,GANANCIA,0.95,29.87,29.27,231219.40600000002,231736.18100000004,1,1,1,2,0,1,1.95,1.95,1.0,1,CERRADO,1771260999,2026-02-16T16:58:44.814431+00:00
2026-02-16 11:59:33,1HZ75V,PUT,1.0,PENDIENTE,,43.9,41.85,3410.3740000000007,3415.8735,1,1,0,3,0,1,1.95,1.95,0.666667,,PRE_TRADE,1771261173,2026-02-16T16:59:33.999787+00:00
2026-02-16 12:01:38,1HZ75V,PUT,1.0,GANANCIA,0.95,43.9,41.85,3410.3740000000007,3415.8735,1,1,0,3,0,1,1.95,1.95,0.666667,1,CERRADO,1771261173,2026-02-16T17:01:38.109065+00:00
2026-02-16 12:04:02,1HZ100V,PUT,1.0,PENDIENTE,,54.04,44.42,1621.472,1624.3155000000002,1,1,0,4,0,1,1.95,1.95,0.666667,,PRE_TRADE,1771261442,2026-02-16T17:04:02.150130+00:00
2026-02-16 12:06:05,1HZ100V,PUT,1.0,GANANCIA,0.95,54.04,44.42,1621.472,1624.3155000000002,1,1,0,4,0,1,1.95,1.95,0.666667,1,CERRADO,1771261442,2026-02-16T17:06:05.882908+00:00
2026-02-16 12:07:02,1HZ25V,PUT,1.0,PENDIENTE,,63.64,66.14,740746.6440000001,741177.67,1,1,0,5,0,1,1.95,1.95,0.666667,,PRE_TRADE,1771261622,2026-02-16T17:07:02.406108+00:00
2026-02-16 12:09:06,1HZ25V,PUT,1.0,PÉRDIDA,-1.0,63.64,66.14,740746.6440000001,741177.67,1,1,0,5,0,1,1.95,1.95,0.666667,0,CERRADO,1771261622,2026-02-16T17:09:06.411637+00:00
2026-02-16 12:09:56,1HZ75V,PUT,2.0,PENDIENTE,,45.6,43.1,3390.932,3403.314,1,1,0,-1,0,2,3.9,1.95,0.666667,,PRE_TRADE,1771261796,2026-02-16T17:09:56.106855+00:00
2026-02-16 12:12:00,1HZ75V,PUT,2.0,PÉRDIDA,-2.0,45.6,43.1,3390.932,3403.314,1,1,0,-1,0,2,3.9,1.95,0.666667,0,CERRADO,1771261796,2026-02-16T17:12:00.388072+00:00
2026-02-16 12:12:50,1HZ100V,CALL,4.0,PENDIENTE,,79.38,56.47,1629.0120000000002,1624.5885000000003,1,1,0,-2,0,3,7.82,1.955,0.666667,,PRE_TRADE,1771261970,2026-02-16T17:12:50.154115+00:00
2026-02-16 12:13:20,1HZ100V,CALL,2.0,PENDIENTE,,89.82,57.01,1630.5120000000002,1624.9450000000002,1,1,0,-2,0,2,3.91,1.955,0.666667,,PRE_TRADE,1771262000,2026-02-16T17:13:20.067273+00:00
2026-02-16 12:15:24,1HZ100V,CALL,2.0,PÉRDIDA,-2.0,89.82,57.01,1630.5120000000002,1624.9450000000002,1,1,0,-2,0,2,3.91,1.955,0.666667,0,CERRADO,1771262000,2026-02-16T17:15:24.327835+00:00
2026-02-16 12:16:11,1HZ50V,CALL,1.0,PENDIENTE,,53.72,50.91,230973.5,230905.78999999998,1,1,0,-3,0,1,1.95,1.95,0.666667,,PRE_TRADE,1771262171,2026-02-16T17:16:11.511433+00:00
2026-02-16 12:18:15,1HZ50V,CALL,1.0,GANANCIA,0.95,53.72,50.91,230973.5,230905.78999999998,1,1,0,-3,0,1,1.95,1.95,0.666667,1,CERRADO,1771262171,2026-02-16T17:18:15.696213+00:00
2026-02-16 12:19:28,1HZ25V,PUT,1.0,PENDIENTE,,40.87,34.86,740269.898,740490.105,1,1,0,1,0,1,1.95,1.95,0.666667,,PRE_TRADE,1771262368,2026-02-16T17:19:28.493325+00:00
2026-02-16 12:21:32,1HZ25V,PUT,1.0,PÉRDIDA,-1.0,40.87,34.86,740269.898,740490.105,1,1,0,1,0,1,1.95,1.95,0.666667,0,CERRADO,1771262368,2026-02-16T17:21:32.372903+00:00
2026-02-16 12:22:37,1HZ25V,CALL,2.0,PENDIENTE,,58.06,35.48,740512.152,740472.0395000001,1,1,0,-1,0,2,3.91,1.955,0.666667,,PRE_TRADE,1771262557,2026-02-16T17:22:37.179971+00:00
2026-02-16 12:24:41,1HZ25V,CALL,2.0,GANANCIA,1.91,58.06,35.48,740512.152,740472.0395000001,1,1,0,-1,0,2,3.91,1.955,0.666667,1,CERRADO,1771262557,2026-02-16T17:24:41.716835+00:00
2026-02-16 12:25:31,1HZ75V,PUT,1.0,PENDIENTE,,30.77,32.6,3368.326,3376.97,1,1,0,1,0,1,1.95,1.95,0.666667,,PRE_TRADE,1771262731,2026-02-16T17:25:31.597982+00:00
2026-02-16 12:27:35,1HZ75V,PUT,1.0,GANANCIA,0.95,30.77,32.6,3368.326,3376.97,1,1,0,1,0,1,1.95,1.95,0.666667,1,CERRADO,1771262731,2026-02-16T17:27:35.911198+00:00
2026-02-16 12:28:25,1HZ25V,PUT,1.0,PENDIENTE,,33.87,41.76,740087.282,740260.119,1,1,0,2,0,1,1.95,1.95,0.666667,,PRE_TRADE,1771262905,2026-02-16T17:28:25.969385+00:00
2026-02-16 12:30:29,1HZ25V,PUT,1.0,PÉRDIDA,-1.0,33.87,41.76,740087.282,740260.119,1,1,0,2,0,1,1.95,1.95,0.666667,0,CERRADO,1771262905,2026-02-16T17:30:29.772707+00:00
2026-02-16 12:31:18,1HZ10V,PUT,2.0,PENDIENTE,,22.42,58.17,9253.279999999999,9253.684999999998,1,1,0,-1,0,2,3.91,1.955,0.666667,,PRE_TRADE,1771263078,2026-02-16T17:31:18.779040+00:00
2026-02-16 12:38:01,1HZ10V,PUT,2.0,PÉRDIDA,-2.0,22.42,58.17,9253.279999999999,9253.684999999998,1,1,0,-1,0,2,3.91,1.955,0.666667,0,CERRADO,1771263078,2026-02-16T17:38:01.897359+00:00
2026-02-16 12:38:20,1HZ100V,CALL,2.0,PENDIENTE,,40.8,43.97,1624.1119999999999,1622.3870000000002,1,1,0,-2,0,2,3.91,1.955,0.666667,,PRE_TRADE,1771263500,2026-02-16T17:38:20.942876+00:00
2026-02-16 12:40:25,1HZ100V,CALL,2.0,PÉRDIDA,-2.0,40.8,43.97,1624.1119999999999,1622.3870000000002,1,1,0,-2,0,2,3.91,1.955,0.666667,0,CERRADO,1771263500,2026-02-16T17:40:25.366615+00:00
2026-02-16 12:41:15,1HZ50V,CALL,4.0,PENDIENTE,,70.3,71.58,232213.84,231694.66400000002,1,1,1,-3,0,3,7.81,1.9525,1.0,,PRE_TRADE,1771263675,2026-02-16T17:41:15.573023+00:00
2026-02-16 12:43:19,1HZ50V,CALL,4.0,GANANCIA,3.81,70.3,71.58,232213.84,231694.66400000002,1,1,1,-3,0,3,7.81,1.9525,1.0,1,CERRADO,1771263675,2026-02-16T17:43:19.974848+00:00
2026-02-16 12:44:10,1HZ100V,PUT,1.0,PENDIENTE,,12.83,36.51,1610.48,1619.5459999999998,1,1,0,1,0,1,1.95,1.95,0.666667,,PRE_TRADE,1771263850,2026-02-16T17:44:10.549719+00:00
2026-02-16 12:46:14,1HZ100V,PUT,1.0,GANANCIA,0.95,12.83,36.51,1610.48,1619.5459999999998,1,1,0,1,0,1,1.95,1.95,0.666667,1,CERRADO,1771263850,2026-02-16T17:46:14.526271+00:00
2026-02-16 12:47:04,1HZ100V,PUT,1.0,PENDIENTE,,0.0,40.03,1605.912,1616.9805,1,1,0,2,0,1,1.95,1.95,0.666667,,PRE_TRADE,1771264024,2026-02-16T17:47:04.598822+00:00
2026-02-16 12:49:08,1HZ100V,PUT,1.0,GANANCIA,0.95,0.0,40.03,1605.912,1616.9805,1,1,0,2,0,1,1.95,1.95,0.666667,1,CERRADO,1771264024,2026-02-16T17:49:08.959643+00:00
2026-02-16 12:49:58,1HZ75V,PUT,1.0,PENDIENTE,,59.62,42.23,3354.182,3357.479499999999,1,1,0,3,0,1,1.95,1.95,0.666667,,PRE_TRADE,1771264198,2026-02-16T17:49:58.799485+00:00
2026-02-16 12:52:03,1HZ75V,PUT,1.0,PÉRDIDA,-1.0,59.62,42.23,3354.182,3357.479499999999,1,1,0,3,0,1,1.95,1.95,0.666667,0,CERRADO,1771264198,2026-02-16T17:52:03.400637+00:00
2026-02-16 12:52:55,1HZ100V,PUT,2.0,PENDIENTE,,20.18,17.73,1596.8,1610.3079999999995,1,1,1,-1,0,2,3.9,1.95,1.0,,PRE_TRADE,1771264375,2026-02-16T17:52:55.948485+00:00
2026-02-16 12:54:59,1HZ100V,PUT,2.0,PÉRDIDA,-2.0,20.18,17.73,1596.8,1610.3079999999995,1,1,1,-1,0,2,3.9,1.95,1.0,0,CERRADO,1771264375,2026-02-16T17:54:59.509811+00:00
2026-02-16 12:56:06,1HZ50V,PUT,4.0,PENDIENTE,,2.24,30.79,231691.154,232121.88549999995,1,1,0,-2,0,3,7.81,1.9525,0.666667,,PRE_TRADE,1771264566,2026-02-16T17:56:06.089646+00:00
2026-02-16 12:58:09,1HZ50V,PUT,4.0,PÉRDIDA,-4.0,2.24,30.79,231691.154,232121.88549999995,1,1,0,-2,0,3,7.81,1.9525,0.666667,0,CERRADO,1771264566,2026-02-16T17:58:09.788945+00:00
2026-02-16 12:59:30,1HZ50V,PUT,8.0,PENDIENTE,,39.87,43.02,231631.732,232055.16899999994,1,1,0,-3,0,4,15.62,1.9525,0.666667,,PRE_TRADE,1771264770,2026-02-16T17:59:30.801277+00:00
2026-02-16 13:01:34,1HZ50V,PUT,8.0,GANANCIA,7.62,39.87,43.02,231631.732,232055.16899999994,1,1,0,-3,0,4,15.62,1.9525,0.666667,1,CERRADO,1771264770,2026-02-16T18:01:34.693989+00:00
2026-02-16 13:03:12,1HZ75V,PUT,1.0,PENDIENTE,,27.88,59.14,3345.3419999999996,3350.88,1,1,0,1,0,1,1.95,1.95,0.666667,,PRE_TRADE,1771264992,2026-02-16T18:03:12.710084+00:00
